patient_id,patient_name,age,gender,visit_date,systolic_bp,diastolic_bp,heart_rate,glucose,temperature,spo2,risk_score,risk_level
P001,Kamran Chaudhry,67,M,2025-02-13,119,70,63,77,36.3,97,25.2,Low
P001,Kamran Chaudhry,67,M,2025-02-17,124,75,70,70,36.7,97,32.4,Low
P001,Kamran Chaudhry,67,M,2025-04-07,116,68,66,81,37.1,96,28.7,Low
P001,Kamran Chaudhry,67,M,2025-04-15,124,73,70,87,36.8,96,38.7,Medium
P001,Kamran Chaudhry,67,M,2025-04-28,125,71,74,88,36.6,99,42.3,Medium
P001,Kamran Chaudhry,67,M,2025-06-07,114,69,73,87,37.0,97,32.4,Low
P001,Kamran Chaudhry,67,M,2025-09-21,124,72,71,86,36.8,96,35.7,Medium
P001,Kamran Chaudhry,67,M,2025-09-27,116,72,75,81,36.6,98,24.4,Low
P001,Kamran Chaudhry,67,M,2025-09-29,114,68,75,94,36.7,97,32.5,Low
P002,Farhan Malik,71,M,2025-03-16,123,77,73,119,36.5,98,45.5,Medium
P002,Farhan Malik,71,M,2025-03-25,117,69,69,115,37.4,96,41.5,Medium
P002,Farhan Malik,71,M,2025-05-08,126,77,72,111,37.0,98,46.6,Medium
P002,Farhan Malik,71,M,2025-05-20,125,75,69,113,36.6,98,49.4,Medium
P002,Farhan Malik,71,M,2025-08-29,125,73,73,98,36.5,98,38.4,Medium
P002,Farhan Malik,71,M,2025-11-22,129,72,76,103,37.0,97,45.1,Medium
P003,Hamza Butt,39,M,2025-01-28,117,70,71,91,36.5,96,27.8,Low
P003,Hamza Butt,39,M,2025-02-06,116,66,74,104,36.4,97,24.7,Low
P003,Hamza Butt,39,M,2025-03-28,110,68,73,98,36.6,98,18.6,Low
P003,Hamza Butt,39,M,2025-05-06,116,66,68,108,36.7,98,27.3,Low
P003,Hamza Butt,39,M,2025-05-19,114,67,75,101,36.8,97,27.7,Low
P003,Hamza Butt,39,M,2025-05-22,117,72,70,97,37.0,98,24.5,Low
P003,Hamza Butt,39,M,2025-05-27,116,72,76,113,36.7,99,26.5,Low
P003,Hamza Butt,39,M,2025-08-26,116,71,76,121,37.2,96,28.3,Low
P003,Hamza Butt,39,M,2025-10-15,115,66,73,118,36.4,95,31.4,Low
P003,Hamza Butt,39,M,2025-11-02,111,66,73,110,36.4,97,21.8,Low
P003,Hamza Butt,39,M,2025-11-05,103,63,72,120,36.6,96,19.0,Low
P004,Bilal Siddiqui,55,M,2025-02-27,111,60,74,100,36.0,97,31.5,Low
P004,Bilal Siddiqui,55,M,2025-03-29,114,65,73,117,36.8,97,35.8,Medium
P004,Bilal Siddiqui,55,M,2025-05-08,117,73,79,109,36.5,98,34.8,Low
P004,Bilal Siddiqui,55,M,2025-06-04,125,71,76,106,36.5,99,45.6,Medium
P004,Bilal Siddiqui,55,M,2025-07-21,122,75,78,88,36.9,97,33.2,Low
P004,Bilal Siddiqui,55,M,2025-08-10,122,73,76,109,36.9,97,45.1,Medium
P004,Bilal Siddiqui,55,M,2025-10-20,128,76,69,109,37.0,98,45.9,Medium
P004,Bilal Siddiqui,55,M,2025-10-21,134,81,76,97,36.8,99,46.8,Medium
P004,Bilal Siddiqui,55,M,2025-11-05,136,80,74,105,36.9,97,49.0,Medium
P004,Bilal Siddiqui,55,M,2025-11-27,135,81,80,91,36.7,97,45.6,Medium
P005,Laiba Mirza,35,F,2025-02-12,105,69,67,118,36.5,98,16.8,Low
P005,Laiba Mirza,35,F,2025-03-04,100,64,64,129,37.2,97,21.6,Low
P005,Laiba Mirza,35,F,2025-03-05,113,68,65,118,36.8,99,29.7,Low
P005,Laiba Mirza,35,F,2025-06-30,103,59,66,131,36.7,97,24.1,Low
P005,Laiba Mirza,35,F,2025-07-14,107,64,69,132,36.9,99,28.8,Low
P005,Laiba Mirza,35,F,2025-11-15,110,61,69,124,36.4,98,28.6,Low
P006,Ali Iqbal,53,F,2025-02-07,122,72,81,86,36.7,97,28.2,Low
P006,Ali Iqbal,53,F,2025-03-23,116,72,78,89,37.1,95,25.1,Low
P006,Ali Iqbal,53,F,2025-06-05,126,77,78,94,36.9,96,34.6,Low
P006,Ali Iqbal,53,F,2025-09-12,132,80,71,97,36.9,99,41.2,Medium
P006,Ali Iqbal,53,F,2025-09-23,131,75,89,89,37.2,96,41.9,Medium
P006,Ali Iqbal,53,F,2025-10-06,129,76,83,83,37.1,98,33.9,Low
P006,Ali Iqbal,53,F,2025-10-10,137,81,79,89,36.6,97,41.7,Medium
P006,Ali Iqbal,53,F,2025-10-20,138,82,83,84,36.8,96,41.0,Medium
P006,Ali Iqbal,53,F,2025-10-28,150,88,85,89,36.9,97,53.6,Medium
P007,Omar Iqbal,44,F,2025-02-26,126,76,70,90,36.5,96,28.4,Low
P007,Omar Iqbal,44,F,2025-04-25,135,79,62,103,36.6,98,39.6,Medium
P007,Omar Iqbal,44,F,2025-05-10,129,72,73,99,36.9,97,38.0,Medium
P007,Omar Iqbal,44,F,2025-05-11,135,87,61,92,36.5,96,39.8,Medium
P007,Omar Iqbal,44,F,2025-09-25,138,80,60,100,37.1,94,44.4,Medium
P007,Omar Iqbal,44,F,2025-10-03,131,82,61,101,36.4,96,41.6,Medium
P008,Usman Butt,42,F,2025-01-31,101,62,70,56,36.8,96,0.0,Low
P008,Usman Butt,42,F,2025-02-28,104,61,72,55,36.5,97,0.0,Low
P008,Usman Butt,42,F,2025-03-08,103,61,63,56,36.8,97,0.0,Low
P008,Usman Butt,42,F,2025-03-13,105,60,70,52,36.8,96,1.0,Low
P008,Usman Butt,42,F,2025-03-29,107,64,69,59,36.4,98,5.3,Low
P008,Usman Butt,42,F,2025-04-09,108,66,68,55,37.0,98,4.2,Low
P008,Usman Butt,42,F,2025-04-30,101,62,76,63,36.9,95,4.8,Low
P008,Usman Butt,42,F,2025-06-07,107,57,72,48,36.5,97,4.9,Low
P008,Usman Butt,42,F,2025-06-24,106,65,78,67,36.8,97,4.3,Low
P008,Usman Butt,42,F,2025-07-30,105,65,72,58,37.0,96,3.3,Low
P008,Usman Butt,42,F,2025-10-19,112,69,75,60,36.7,98,6.5,Low
P008,Usman Butt,42,F,2025-11-18,102,63,71,60,36.4,97,0.0,Low
P009,Ayesha Hussain,74,F,2025-01-17,126,78,75,129,37.0,99,57.4,Medium
P009,Ayesha Hussain,74,F,2025-02-13,124,75,82,130,37.2,96,57.2,Medium
P009,Ayesha Hussain,74,F,2025-04-30,123,76,81,121,36.6,98,51.8,Medium
P009,Ayesha Hussain,74,F,2025-06-22,117,74,79,134,36.7,98,52.5,Medium
P009,Ayesha Hussain,74,F,2025-06-23,127,74,74,133,36.6,98,60.8,High
P009,Ayesha Hussain,74,F,2025-07-13,119,72,76,137,36.6,97,58.8,Medium
P009,Ayesha Hussain,74,F,2025-09-26,131,85,77,134,37.2,97,61.0,High
P009,Ayesha Hussain,74,F,2025-10-31,122,75,74,123,36.4,98,50.2,Medium
P010,Ali Raza,28,F,2025-01-29,133,79,81,101,36.7,97,39.6,Medium
P010,Ali Raza,28,F,2025-04-19,130,80,76,100,37.2,98,34.8,Low
P010,Ali Raza,28,F,2025-07-06,119,74,77,91,37.0,97,16.0,Low
P010,Ali Raza,28,F,2025-07-08,128,75,77,84,36.7,95,29.4,Low
P010,Ali Raza,28,F,2025-07-17,127,79,86,88,36.3,96,23.7,Low
P010,Ali Raza,28,F,2025-07-21,123,74,70,90,36.4,98,22.1,Low
P010,Ali Raza,28,F,2025-08-15,123,73,76,84,36.4,97,26.7,Low
P010,Ali Raza,28,F,2025-09-06,131,83,81,83,37.2,97,28.2,Low
P010,Ali Raza,28,F,2025-09-11,121,73,76,87,36.5,97,27.8,Low
P010,Ali Raza,28,F,2025-09-26,121,72,80,91,36.5,97,26.0,Low
P010,Ali Raza,28,F,2025-11-20,122,73,84,83,36.8,97,25.7,Low
P011,Ali Ahmed,75,F,2025-05-27,123,75,85,123,36.4,96,52.4,Medium
P011,Ali Ahmed,75,F,2025-06-03,119,73,76,110,37.0,97,47.1,Medium
P011,Ali Ahmed,75,F,2025-07-08,127,78,79,127,36.9,98,59.8,Medium
P011,Ali Ahmed,75,F,2025-08-17,123,73,78,118,36.5,99,52.6,Medium
P011,Ali Ahmed,75,F,2025-09-04,126,70,78,114,36.6,97,51.6,Medium
P011,Ali Ahmed,75,F,2025-10-05,135,79,79,118,37.4,96,61.2,High
P011,Ali Ahmed,75,F,2025-10-11,132,82,74,107,36.8,96,52.6,Medium
P011,Ali Ahmed,75,F,2025-10-31,136,75,73,105,36.8,97,52.3,Medium
P011,Ali Ahmed,75,F,2025-11-27,138,85,81,105,36.6,98,58.9,Medium
P012,Ali Malik,76,F,2025-01-09,158,95,84,122,36.9,98,79.8,High
P012,Ali Malik,76,F,2025-03-09,163,104,86,117,36.8,99,82.7,High
P012,Ali Malik,76,F,2025-03-26,158,96,86,116,36.9,97,81.8,High
P012,Ali Malik,76,F,2025-05-12,158,91,83,126,36.6,97,86.2,High
P012,Ali Malik,76,F,2025-07-17,154,93,79,129,37.4,99,81.0,High
P012,Ali Malik,76,F,2025-08-08,161,97,84,134,36.5,98,89.4,High
P012,Ali Malik,76,F,2025-08-21,163,99,81,129,37.0,97,90.6,High
P012,Ali Malik,76,F,2025-10-19,155,87,87,133,36.8,97,88.5,High
P012,Ali Malik,76,F,2025-10-28,155,91,83,138,36.5,99,84.6,High
P012,Ali Malik,76,F,2025-11-16,152,95,83,126,36.7,98,83.4,High
P013,Zainab Iqbal,42,F,2025-03-04,132,82,76,96,37.2,95,35.2,Medium
P013,Zainab Iqbal,42,F,2025-04-12,138,85,80,84,36.9,98,39.4,Medium
P013,Zainab Iqbal,42,F,2025-05-08,140,77,79,77,37.0,97,36.1,Medium
P013,Zainab Iqbal,42,F,2025-06-18,138,80,73,74,36.8,98,37.8,Medium
P013,Zainab Iqbal,42,F,2025-06-27,136,85,77,82,36.9,98,35.9,Medium
P013,Zainab Iqbal,42,F,2025-08-09,136,81,77,77,37.1,97,36.4,Medium
P013,Zainab Iqbal,42,F,2025-08-28,134,81,78,79,37.3,98,39.8,Medium
P013,Zainab Iqbal,42,F,2025-10-13,141,83,75,84,36.8,97,40.8,Medium
P013,Zainab Iqbal,42,F,2025-10-17,131,78,68,83,36.6,96,31.0,Low
P013,Zainab Iqbal,42,F,2025-11-06,139,79,70,74,36.3,96,40.5,Medium
P013,Zainab Iqbal,42,F,2025-11-26,134,83,71,82,36.7,97,36.4,Medium
P014,Laiba Siddiqui,55,F,2025-03-29,132,76,75,77,37.1,96,35.3,Medium
P014,Laiba Siddiqui,55,F,2025-05-22,131,81,77,75,36.4,96,29.4,Low
P014,Laiba Siddiqui,55,F,2025-05-24,131,77,81,95,37.1,96,45.8,Medium
P014,Laiba Siddiqui,55,F,2025-06-22,133,77,75,85,36.4,99,33.0,Low
P014,Laiba Siddiqui,55,F,2025-08-27,124,73,78,89,36.9,97,38.1,Medium
P014,Laiba Siddiqui,55,F,2025-09-13,120,72,76,91,36.9,96,29.8,Low
P014,Laiba Siddiqui,55,F,2025-09-20,131,80,76,104,37.4,96,46.8,Medium
P014,Laiba Siddiqui,55,F,2025-09-23,138,85,80,93,36.7,97,46.3,Medium
P014,Laiba Siddiqui,55,F,2025-09-26,131,78,77,89,36.8,96,40.1,Medium
P014,Laiba Siddiqui,55,F,2025-10-24,133,81,81,100,36.8,97,45.2,Medium
P014,Laiba Siddiqui,55,F,2025-11-21,131,76,84,100,36.6,97,43.8,Medium
P015,Zainab Raza,57,M,2025-01-16,148,90,58,81,36.5,97,46.8,Medium
P015,Zainab Raza,57,M,2025-02-09,147,88,65,77,36.8,97,49.3,Medium
P015,Zainab Raza,57,M,2025-02-28,151,89,53,69,36.6,98,46.5,Medium
P015,Zainab Raza,57,M,2025-06-07,142,84,56,79,36.7,97,37.8,Medium
P015,Zainab Raza,57,M,2025-06-13,141,89,47,71,36.9,97,35.7,Medium
P015,Zainab Raza,57,M,2025-06-29,144,87,55,58,36.8,96,36.4,Medium
P015,Zainab Raza,57,M,2025-08-16,145,89,59,63,37.0,98,44.3,Medium
P015,Zainab Raza,57,M,2025-08-20,149,89,55,68,36.5,97,43.5,Medium
P015,Zainab Raza,57,M,2025-09-05,141,80,52,60,37.0,98,35.4,Medium
P015,Zainab Raza,57,M,2025-09-27,141,82,57,55,37.0,99,34.9,Low
P015,Zainab Raza,57,M,2025-10-15,136,79,50,47,37.1,97,21.5,Low
P015,Zainab Raza,57,M,2025-11-18,144,90,54,47,36.7,98,35.1,Medium
P016,Hamza Mirza,53,M,2025-02-12,152,92,69,131,36.7,96,70.5,High
P016,Hamza Mirza,53,M,2025-03-04,150,89,75,148,36.7,96,76.2,High
P016,Hamza Mirza,53,M,2025-05-20,146,85,82,133,36.6,97,70.0,High
P016,Hamza Mirza,53,M,2025-05-29,140,85,79,153,36.6,99,69.2,High
P016,Hamza Mirza,53,M,2025-06-04,140,86,83,144,36.9,97,65.4,High
P016,Hamza Mirza,53,M,2025-06-26,141,86,85,139,37.1,99,66.8,High
P016,Hamza Mirza,53,M,2025-07-26,131,75,74,147,36.6,99,61.1,High
P016,Hamza Mirza,53,M,2025-07-27,142,88,79,136,36.8,97,63.7,High
P016,Hamza Mirza,53,M,2025-09-12,133,85,72,139,36.6,97,61.0,High
P017,Kamran Raza,34,M,2025-02-13,83,54,76,125,36.7,95,9.0,Low
P017,Kamran Raza,34,M,2025-03-18,101,63,74,129,36.6,99,17.9,Low
P017,Kamran Raza,34,M,2025-04-04,91,55,73,129,36.9,96,9.2,Low
P017,Kamran Raza,34,M,2025-05-12,93,54,64,119,36.7,95,6.4,Low
P017,Kamran Raza,34,M,2025-06-17,88,53,71,140,36.4,96,17.0,Low
P017,Kamran Raza,34,M,2025-10-06,94,56,76,127,36.5,96,16.9,Low
P018,Zainab Hussain,41,F,2025-03-02,101,63,85,99,37.5,96,19.0,Low
P018,Zainab Hussain,41,F,2025-03-23,107,67,79,107,37.0,96,14.9,Low
P018,Zainab Hussain,41,F,2025-06-05,113,70,86,110,37.2,99,33.9,Low
P018,Zainab Hussain,41,F,2025-07-22,101,57,78,104,36.4,97,13.4,Low
P018,Zainab Hussain,41,F,2025-08-21,100,60,86,127,36.8,99,22.3,Low
P018,Zainab Hussain,41,F,2025-09-26,99,62,74,119,36.5,97,24.0,Low
P019,Imran Siddiqui,61,M,2025-01-14,103,61,58,76,36.6,97,14.9,Low
P019,Imran Siddiqui,61,M,2025-02-20,107,62,60,86,37.2,98,19.2,Low
P019,Imran Siddiqui,61,M,2025-02-23,121,68,70,83,36.1,100,36.4,Medium
P019,Imran Siddiqui,61,M,2025-05-15,113,69,63,92,36.4,96,29.2,Low
P019,Imran Siddiqui,61,M,2025-06-04,121,76,64,110,36.6,97,34.6,Low
P019,Imran Siddiqui,61,M,2025-06-28,117,74,60,104,36.8,96,33.8,Low
P019,Imran Siddiqui,61,M,2025-07-02,123,72,67,110,36.7,96,42.9,Medium
P019,Imran Siddiqui,61,M,2025-07-30,127,79,75,115,36.8,97,46.0,Medium
P019,Imran Siddiqui,61,M,2025-08-29,126,73,63,113,37.0,97,44.5,Medium
P019,Imran Siddiqui,61,M,2025-10-29,127,81,66,131,37.0,99,52.2,Medium
P019,Imran Siddiqui,61,M,2025-11-01,137,91,59,132,37.2,98,62.7,High
P019,Imran Siddiqui,61,M,2025-11-23,142,83,66,124,36.6,97,62.0,High
P020,Laiba Sheikh,64,M,2025-03-27,93,59,85,153,37.2,96,38.0,Medium
P020,Laiba Sheikh,64,M,2025-04-13,108,64,82,155,36.7,99,46.7,Medium
P020,Laiba Sheikh,64,M,2025-08-10,107,60,86,153,36.1,97,45.5,Medium
P020,Laiba Sheikh,64,M,2025-09-21,103,67,79,147,37.2,97,47.2,Medium
P020,Laiba Sheikh,64,M,2025-10-21,108,62,83,161,37.0,97,51.8,Medium
P020,Laiba Sheikh,64,M,2025-11-25,107,63,91,153,36.5,97,52.1,Medium
P021,Omar Sheikh,54,F,2025-03-19,111,69,62,98,36.8,97,18.8,Low
P021,Omar Sheikh,54,F,2025-06-05,110,65,58,95,36.7,97,23.0,Low
P021,Omar Sheikh,54,F,2025-06-13,105,65,55,106,37.1,96,20.1,Low
P021,Omar Sheikh,54,F,2025-06-22,112,66,59,111,37.1,95,27.4,Low
P021,Omar Sheikh,54,F,2025-08-29,102,58,57,106,36.9,96,20.4,Low
P021,Omar Sheikh,54,F,2025-09-19,106,62,61,124,36.9,96,29.9,Low
P021,Omar Sheikh,54,F,2025-09-20,100,61,64,110,36.7,98,18.9,Low
P022,Laiba Siddiqui,43,M,2025-01-11,107,66,86,87,36.8,97,10.7,Low
P022,Laiba Siddiqui,43,M,2025-02-14,109,64,90,86,36.7,98,15.3,Low
P022,Laiba Siddiqui,43,M,2025-05-19,102,62,92,85,36.7,96,13.0,Low
P022,Laiba Siddiqui,43,M,2025-08-15,110,63,98,91,36.7,98,18.6,Low
P022,Laiba Siddiqui,43,M,2025-08-23,98,55,90,84,36.7,97,3.3,Low
P022,Laiba Siddiqui,43,M,2025-09-10,107,60,89,83,36.5,96,13.2,Low
P022,Laiba Siddiqui,43,M,2025-09-16,105,65,94,79,36.6,96,15.2,Low
P023,Usman Malik,64,M,2025-02-05,119,69,76,91,36.5,98,36.4,Medium
P023,Usman Malik,64,M,2025-04-19,122,67,76,92,36.6,97,30.6,Low
P023,Usman Malik,64,M,2025-05-19,125,73,80,78,37.0,97,38.6,Medium
P023,Usman Malik,64,M,2025-07-20,121,71,86,85,36.6,97,32.8,Low
P023,Usman Malik,64,M,2025-10-12,131,84,74,81,37.1,98,43.3,Medium
P023,Usman Malik,64,M,2025-10-19,133,77,76,84,36.4,98,41.7,Medium
P023,Usman Malik,64,M,2025-11-05,139,84,74,98,37.3,98,49.8,Medium
P024,Sara Ahmed,72,M,2025-01-22,117,73,78,76,37.1,96,31.1,Low
P024,Sara Ahmed,72,M,2025-03-03,116,66,78,85,36.9,95,36.5,Medium
P024,Sara Ahmed,72,M,2025-04-09,118,67,85,86,36.4,99,34.0,Low
P024,Sara Ahmed,72,M,2025-05-03,124,75,88,82,37.1,96,44.1,Medium
P024,Sara Ahmed,72,M,2025-05-12,121,71,90,85,36.8,100,40.5,Medium
P024,Sara Ahmed,72,M,2025-06-12,121,75,77,88,37.1,97,37.2,Medium
P024,Sara Ahmed,72,M,2025-07-17,126,75,78,83,36.3,97,39.9,Medium
P024,Sara Ahmed,72,M,2025-08-22,124,76,77,82,36.8,96,35.5,Medium
P024,Sara Ahmed,72,M,2025-09-19,121,74,78,77,37.1,98,40.3,Medium
P024,Sara Ahmed,72,M,2025-10-03,125,72,86,77,37.1,97,43.7,Medium
P024,Sara Ahmed,72,M,2025-10-21,131,80,84,76,36.9,97,46.6,Medium
P024,Sara Ahmed,72,M,2025-10-25,126,81,82,79,36.8,97,46.2,Medium
P025,Imran Iqbal,31,M,2025-03-24,101,60,90,76,36.9,98,2.6,Low
P025,Imran Iqbal,31,M,2025-04-21,100,64,92,98,37.2,97,14.0,Low
P025,Imran Iqbal,31,M,2025-07-04,105,63,91,94,37.1,97,13.6,Low
P025,Imran Iqbal,31,M,2025-09-06,106,64,88,93,36.8,97,13.4,Low
P025,Imran Iqbal,31,M,2025-10-04,105,69,97,101,36.8,100,18.3,Low
P025,Imran Iqbal,31,M,2025-10-28,108,66,92,109,36.8,100,19.0,Low
P025,Imran Iqbal,31,M,2025-11-25,112,64,99,101,36.8,98,26.5,Low
P026,Imran Hussain,74,M,2025-02-20,101,60,69,115,36.8,97,33.2,Low
P026,Imran Hussain,74,M,2025-02-28,104,58,76,112,36.8,98,37.8,Medium
P026,Imran Hussain,74,M,2025-04-08,100,58,79,118,36.6,96,32.1,Low
P026,Imran Hussain,74,M,2025-05-08,102,57,73,101,36.5,98,27.0,Low
P026,Imran Hussain,74,M,2025-06-27,104,64,76,106,36.8,96,37.8,Medium
P026,Imran Hussain,74,M,2025-09-21,107,61,73,112,36.9,99,40.4,Medium
P026,Imran Hussain,74,M,2025-10-27,102,61,68,108,36.8,100,30.6,Low
P026,Imran Hussain,74,M,2025-11-24,96,55,74,99,36.6,97,23.8,Low
P027,Farhan Khan,85,M,2025-01-07,153,97,71,105,36.6,97,75.2,High
P027,Farhan Khan,85,M,2025-01-12,150,85,74,105,36.5,96,73.5,High
P027,Farhan Khan,85,M,2025-02-17,144,79,73,97,36.7,100,65.3,High
P027,Farhan Khan,85,M,2025-03-15,142,85,66,90,36.9,97,58.7,Medium
P027,Farhan Khan,85,M,2025-03-28,150,93,73,97,36.9,99,70.0,High
P027,Farhan Khan,85,M,2025-04-05,149,87,69,85,36.7,98,68.8,High
P027,Farhan Khan,85,M,2025-04-19,138,83,69,88,36.5,97,50.9,Medium
P027,Farhan Khan,85,M,2025-07-15,139,84,67,85,36.5,99,52.3,Medium
P027,Farhan Khan,85,M,2025-07-16,143,88,69,84,37.1,99,56.5,Medium
P027,Farhan Khan,85,M,2025-08-12,134,84,71,102,36.7,98,55.1,Medium
P027,Farhan Khan,85,M,2025-09-18,143,83,61,88,36.8,99,58.0,Medium
P027,Farhan Khan,85,M,2025-10-06,133,81,76,87,37.1,98,52.2,Medium
P028,Kamran Sheikh,38,M,2025-05-08,101,61,57,133,36.8,97,25.2,Low
P028,Kamran Sheikh,38,M,2025-05-10,108,56,63,122,37.1,100,22.9,Low
P028,Kamran Sheikh,38,M,2025-06-26,107,64,64,136,37.1,96,34.2,Low
P028,Kamran Sheikh,38,M,2025-06-28,105,64,68,139,36.6,96,27.9,Low
P028,Kamran Sheikh,38,M,2025-08-10,111,70,58,140,37.0,98,34.0,Low
P028,Kamran Sheikh,38,M,2025-10-03,119,73,66,143,37.2,95,45.3,Medium
P028,Kamran Sheikh,38,M,2025-10-07,114,68,59,130,36.7,96,33.5,Low
P028,Kamran Sheikh,38,M,2025-10-25,111,71,64,142,36.6,96,31.3,Low
P028,Kamran Sheikh,38,M,2025-11-22,117,70,62,137,36.7,96,37.8,Medium
P029,Sana Malik,80,M,2025-01-08,124,77,59,64,36.5,96,34.6,Low
P029,Sana Malik,80,M,2025-01-22,135,78,66,74,36.5,97,46.4,Medium
P029,Sana Malik,80,M,2025-03-30,120,78,55,76,36.9,97,34.7,Low
P029,Sana Malik,80,M,2025-04-21,125,75,64,80,36.3,99,47.3,Medium
P029,Sana Malik,80,M,2025-07-09,123,77,57,77,36.6,97,39.9,Medium
P029,Sana Malik,80,M,2025-11-14,114,68,55,79,36.8,96,27.8,Low
P029,Sana Malik,80,M,2025-11-27,123,70,58,76,37.1,100,37.8,Medium
P030,Hina Iqbal,63,F,2025-01-06,154,98,88,90,36.7,97,65.1,High
P030,Hina Iqbal,63,F,2025-01-14,146,85,86,82,36.5,98,54.0,Medium
P030,Hina Iqbal,63,F,2025-01-26,157,94,84,85,36.8,96,63.1,High
P030,Hina Iqbal,63,F,2025-02-06,158,97,91,75,36.7,97,63.2,High
P030,Hina Iqbal,63,F,2025-04-10,156,92,89,87,36.5,99,67.6,High
P030,Hina Iqbal,63,F,2025-04-11,158,97,83,93,36.7,96,66.3,High
P030,Hina Iqbal,63,F,2025-05-23,159,96,86,87,36.7,93,67.5,High
P030,Hina Iqbal,63,F,2025-09-03,157,95,90,89,36.7,97,66.4,High
P030,Hina Iqbal,63,F,2025-10-07,165,97,82,96,36.8,98,73.2,High
P030,Hina Iqbal,63,F,2025-11-02,170,101,87,94,36.9,96,75.8,High
P030,Hina Iqbal,63,F,2025-11-19,179,106,84,98,37.1,98,85.0,High
P030,Hina Iqbal,63,F,2025-11-30,184,111,88,89,36.4,96,88.8,High
P031,Bilal Khan,79,M,2025-03-11,111,69,77,68,36.7,96,32.0,Low
P031,Bilal Khan,79,M,2025-06-04,114,71,67,78,36.7,97,30.4,Low
P031,Bilal Khan,79,M,2025-06-06,109,64,75,80,36.7,97,28.0,Low
P031,Bilal Khan,79,M,2025-07-18,109,64,73,79,36.4,98,24.9,Low
P031,Bilal Khan,79,M,2025-07-25,107,65,65,77,36.7,96,21.2,Low
P031,Bilal Khan,79,M,2025-08-17,105,62,73,83,36.9,96,26.6,Low
P031,Bilal Khan,79,M,2025-09-07,103,62,70,81,36.8,98,22.9,Low
P031,Bilal Khan,79,M,2025-09-29,96,59,81,88,36.9,98,14.5,Low
P031,Bilal Khan,79,M,2025-10-18,98,57,77,90,36.6,97,24.4,Low
P031,Bilal Khan,79,M,2025-10-30,93,56,66,92,37.0,99,21.7,Low
P031,Bilal Khan,79,M,2025-10-31,95,61,75,106,37.1,97,27.8,Low
P031,Bilal Khan,79,M,2025-11-15,93,57,72,93,36.3,96,14.5,Low
P032,Hamza Sheikh,73,F,2025-06-25,97,56,78,124,36.4,96,34.3,Low
P032,Hamza Sheikh,73,F,2025-07-21,99,61,73,123,36.7,97,32.0,Low
P032,Hamza Sheikh,73,F,2025-07-23,104,62,81,131,37.0,97,44.8,Medium
P032,Hamza Sheikh,73,F,2025-08-08,103,62,81,138,37.1,98,43.8,Medium
P032,Hamza Sheikh,73,F,2025-09-30,105,63,86,138,36.3,99,45.5,Medium
P032,Hamza Sheikh,73,F,2025-10-11,97,58,77,154,36.9,95,45.1,Medium
P032,Hamza Sheikh,73,F,2025-10-21,101,66,77,132,36.8,97,37.1,Medium
P033,Ali Siddiqui,52,M,2025-04-09,154,87,91,55,36.6,98,43.4,Medium
P033,Ali Siddiqui,52,M,2025-04-17,151,89,81,62,37.1,97,47.6,Medium
P033,Ali Siddiqui,52,M,2025-06-06,158,92,84,60,37.1,98,52.1,Medium
P033,Ali Siddiqui,52,M,2025-06-22,150,90,80,75,36.8,96,52.8,Medium
P033,Ali Siddiqui,52,M,2025-07-05,158,93,88,74,36.7,97,54.7,Medium
P033,Ali Siddiqui,52,M,2025-10-01,153,91,89,89,36.7,99,58.5,Medium
P034,Hina Khan,70,F,2025-01-12,135,84,73,163,37.1,98,71.2,High
P034,Hina Khan,70,F,2025-03-13,136,81,73,170,36.7,95,74.8,High
P034,Hina Khan,70,F,2025-03-27,140,79,77,174,37.0,96,82.6,High
P034,Hina Khan,70,F,2025-05-11,132,82,73,167,37.1,98,75.2,High
P034,Hina Khan,70,F,2025-06-10,128,78,76,181,36.5,97,75.9,High
P034,Hina Khan,70,F,2025-07-21,125,75,76,177,36.9,96,71.9,High
P034,Hina Khan,70,F,2025-08-01,130,79,80,175,36.4,97,77.3,High
P034,Hina Khan,70,F,2025-11-30,135,83,72,190,36.6,96,92.2,High
P035,Kamran Chaudhry,82,M,2025-02-01,142,90,79,157,36.9,98,85.2,High
P035,Kamran Chaudhry,82,M,2025-03-16,149,86,78,165,36.7,97,95.6,High
P035,Kamran Chaudhry,82,M,2025-03-23,152,93,70,154,36.5,96,91.6,High
P035,Kamran Chaudhry,82,M,2025-03-27,149,92,89,154,37.0,96,88.7,High
P035,Kamran Chaudhry,82,M,2025-09-06,148,87,72,144,36.7,96,79.6,High
P035,Kamran Chaudhry,82,M,2025-09-12,149,91,77,153,37.1,97,90.3,High
P036,Usman Malik,58,F,2025-03-14,147,86,67,93,37.3,97,60.4,High
P036,Usman Malik,58,F,2025-04-20,146,89,60,88,36.8,98,46.7,Medium
P036,Usman Malik,58,F,2025-05-13,156,91,65,95,36.9,95,66.8,High
P036,Usman Malik,58,F,2025-07-22,154,91,61,80,36.5,98,53.6,Medium
P036,Usman Malik,58,F,2025-07-31,148,87,71,85,36.7,99,54.8,Medium
P036,Usman Malik,58,F,2025-08-07,154,91,58,77,36.7,97,54.3,Medium
P036,Usman Malik,58,F,2025-12-01,157,95,66,76,36.3,97,53.2,Medium
P037,Maryam Hussain,55,M,2025-01-06,107,68,79,72,37.3,97,14.4,Low
P037,Maryam Hussain,55,M,2025-05-15,102,63,73,75,37.1,96,8.3,Low
P037,Maryam Hussain,55,M,2025-06-01,106,66,78,69,37.1,98,18.9,Low
P037,Maryam Hussain,55,M,2025-07-07,99,60,72,65,36.6,98,4.0,Low
P037,Maryam Hussain,55,M,2025-07-26,101,63,77,80,36.6,97,16.6,Low
P037,Maryam Hussain,55,M,2025-09-24,102,59,77,83,36.5,94,10.7,Low
P038,Usman Butt,38,F,2025-01-09,130,76,63,88,36.8,97,34.3,Low
P038,Usman Butt,38,F,2025-01-22,130,81,69,94,36.3,96,36.0,Medium
P038,Usman Butt,38,F,2025-02-08,139,84,71,91,36.7,96,42.7,Medium
P038,Usman Butt,38,F,2025-03-10,135,80,67,95,36.9,96,43.0,Medium
P038,Usman Butt,38,F,2025-03-31,136,81,74,97,36.8,98,36.5,Medium
P038,Usman Butt,38,F,2025-04-28,133,73,73,78,37.0,96,27.6,Low
P038,Usman Butt,38,F,2025-07-24,135,82,71,99,36.9,98,37.6,Medium
P038,Usman Butt,38,F,2025-08-22,139,84,67,86,36.8,97,39.0,Medium
P038,Usman Butt,38,F,2025-09-06,135,79,71,75,36.6,99,23.2,Low
P038,Usman Butt,38,F,2025-09-30,135,83,62,100,36.2,99,43.0,Medium
P038,Usman Butt,38,F,2025-10-14,142,84,70,78,37.0,96,36.6,Medium
P039,Nida Khan,38,M,2025-02-03,117,69,61,96,36.9,98,28.9,Low
P039,Nida Khan,38,M,2025-03-06,121,73,62,106,36.8,99,32.2,Low
P039,Nida Khan,38,M,2025-04-03,114,66,69,107,36.7,99,24.2,Low
P039,Nida Khan,38,M,2025-07-10,118,70,55,111,36.5,97,26.1,Low
P039,Nida Khan,38,M,2025-07-21,125,74,63,97,36.8,96,30.3,Low
P039,Nida Khan,38,M,2025-08-09,125,75,71,112,36.9,97,35.5,Medium
P039,Nida Khan,38,M,2025-08-12,130,81,58,116,36.9,98,40.5,Medium
P039,Nida Khan,38,M,2025-09-12,123,70,71,112,36.4,98,33.2,Low
P039,Nida Khan,38,M,2025-10-19,122,67,57,113,36.8,97,33.2,Low
P039,Nida Khan,38,M,2025-10-26,134,74,62,108,36.5,97,40.3,Medium
P040,Nida Sheikh,58,M,2025-02-05,117,73,66,158,36.4,95,55.3,Medium
P040,Nida Sheikh,58,M,2025-02-11,110,65,65,150,36.7,99,36.8,Medium
P040,Nida Sheikh,58,M,2025-03-20,117,77,66,154,37.0,99,47.9,Medium
P040,Nida Sheikh,58,M,2025-04-14,112,66,68,156,37.0,97,48.6,Medium
P040,Nida Sheikh,58,M,2025-04-27,107,62,65,156,36.5,99,43.3,Medium
P040,Nida Sheikh,58,M,2025-06-01,102,64,63,160,36.8,97,41.7,Medium
P040,Nida Sheikh,58,M,2025-07-03,103,62,74,145,36.8,98,35.3,Medium
P040,Nida Sheikh,58,M,2025-07-26,98,65,64,172,36.9,97,43.8,Medium
P040,Nida Sheikh,58,M,2025-08-28,104,66,67,161,36.8,99,46.4,Medium
P040,Nida Sheikh,58,M,2025-10-07,96,55,67,158,36.7,96,35.1,Medium
